spike_id,classification_type,slot_share
1,AUTOMATION,0.1939475742650043
1,HUB_SERVICE,0.013775307611676762
1,UNKNOWN,0.7922771181233189
